First Name,Last Name,Email,Gender,Hobby,Mobile,State,City
Alice,Smith,alice.smith@example.com,1,1,9876543210,NCR,Delhi
Bob,Johnson,bob.johnson@example.com,2,2,8765432109,Uttar Pradesh,Agra
Charlie,Brown,charlie.brown@example.com,3,3,7654321098,Haryana,Karnal
Diana,Williams,diana.williams@example.com,1,1,6543210987,Rajasthan,Jaipur
Ethan,Jones,ethan.jones@example.com,2,2,5432109876,NCR,Delhi
Fiona,Miller,fiona.miller@example.com,3,3,4321098765,Uttar Pradesh,Agra
George,Davis,george.davis@example.com,1,1,3210987654,Haryana,Karnal